key,en,cs,(description)
app.title,FCM Sample,FCM Sample,"MaterialApp title and drawer header; a product name, so the same in both"
language.tooltip,Language,Jazyk,"AppBar action tooltip for the language switcher"
language.system,System,Systém,"Language choice that follows the device"
language.english,English,English,"Language choice; each language names itself"
language.czech,Čeština,Čeština,"Language choice; each language names itself"
shell.title.inbox,Push inbox,Doručené pushe,AppBar title for the inbox destination
shell.title.scenarios,Scenarios,Scénáře,AppBar title
shell.title.sandbox,Sandbox,Sandbox,AppBar title; the product's own term
shell.title.runs,Runs,Běhy,AppBar title
shell.title.telemetry,Telemetry,Telemetrie,AppBar title
drawer.inbox,Inbox,Doručené,Drawer destination; shorter than the AppBar title
drawer.scenarios,Scenarios,Scénáře,Drawer destination
drawer.sandbox,Sandbox,Sandbox,Drawer destination
drawer.runs,Runs,Běhy,Drawer destination
drawer.telemetry,Telemetry,Telemetrie,Drawer destination
inbox.registration_token,Registration token,Registrační token,Tile above the FCM token
inbox.empty,No pushes received yet.,Zatím nedorazil žádný push.,Empty state
inbox.malformed_dropped.one,$n malformed payload dropped,$n poškozený payload zahozen,Banner counting payloads the parser refused
inbox.malformed_dropped.few,$n malformed payloads dropped,$n poškozené payloady zahozeny,Banner counting payloads the parser refused
inbox.malformed_dropped.other,$n malformed payloads dropped,$n poškozených payloadů zahozeno,Banner counting payloads the parser refused
message_detail.opened_by_action,"Opened by action: $label","Otevřeno akcí: $label",Detail line naming the action button that opened the app
message_detail.from,"from: $from","Zdroj: $from",Detail line naming which surface the press came from
message_detail.replied,"Replied: $text","Odpovězeno: $text",Detail line showing an inline reply
message_detail.sent,Sent,Odesláno,Label above the send timestamp
message_detail.payload_id,Payload id,ID payloadu,Label above the message id
message_detail.extra_data,Extra data,Extra data,Label above the data map
message_detail.no_extra_data,No extra data keys.,Žádné extra klíče.,Shown when the data map is empty
message_tile.no_title,(no title),(bez titulku),Stand-in headline for a message with an empty title
message_tile.body_with_data,"$body
data: $keys","$body
data: $keys",Tile subtitle when the message carries a data map
scenarios.no_token,"No registration token yet, so there is nowhere to send. Open the Inbox once the app has registered.","Zatím není registrační token, takže není kam posílat. Otevři Doručené, až se aplikace zaregistruje.",Banner when the device has not registered
scenario_card.needs_work,needs work,potřebuje práci,Chip on a scenario whose needs are unmet
common.needs_killed_app,Needs the app killed,Vyžaduje zabitou aplikaci,"Badge on a scenario that only means something with the app killed; used on the card and in the Sandbox"
selection_bar.select_for_batch,Select for a batch,Vybrat do dávky,Button that enters multi-select
selection_bar.selected_count.one,$n selected,$n vybrán,Count of scenarios picked for a batch
selection_bar.selected_count.few,$n selected,$n vybrány,Count of scenarios picked for a batch
selection_bar.selected_count.other,$n selected,$n vybráno,Count of scenarios picked for a batch
common.cancel,Cancel,Zrušit,"Dismisses a sheet or leaves selection mode; used in several places"
common.schedule_ellipsis,Schedule…,Naplánovat…,"Opens the schedule sheet; used on the selection bar and the send footer"
runs.empty,Nothing scheduled yet. Pick a scenario and choose Schedule.,Zatím nic naplánováno. Vyber scénář a zvol Naplánovat.,Empty state on the Runs page
run_timeline.title,Run,Běh,AppBar title of a single run's timeline
common.reload,Reload,Znovu načíst,"Refresh action; used on the run timeline and on Telemetry"
run_tile.sends.one,$n send,$n odeslání,How many messages a run holds
run_tile.sends.other,$n sends,$n odeslání,How many messages a run holds
run_tile.next_due,next due $time,další v $time,When the run's next message goes out
run_item.composed_by_hand,(composed by hand),(složeno ručně),Stands in for a run item with no scenario id
run_item.due,due $time,v $time,When one run item goes out
run_item.nothing_recorded,Nothing recorded yet.,Zatím nic nezaznamenáno.,Empty state for a run item's events
sandbox.validate_only,Validate only,Jen validovat,Switch that asks FCM to validate without delivering
send.to_this_device,Send to this device,Poslat na toto zařízení,Send button label
send.to_that_token,Send to that token,Poslat na ten token,Send button label
send.to_topic,"Send to topic ""$topic""","Poslat do tématu „$topic“",Send button label
send.to_condition,Send to the condition,Poslat na podmínku,Send button label
send.to_every_device,Send to every device,Poslat na všechna zařízení,Send button label
send_target.label,Send to,Poslat na,Label of the delivery-target dropdown
send_target.this_device,This device,Toto zařízení,Delivery-target choice
send_target.token,Token,Token,Delivery-target choice; the FCM term
send_target.topic,Topic,Téma,Delivery-target choice
send_target.condition,Condition,Podmínka,Delivery-target choice
send_target.all_devices,All devices,Všechna zařízení,Delivery-target choice
send_target.all_devices_warning,"Sending to every device needs a token registry the API does not have yet, so this will be refused.","Odeslání na všechna zařízení potřebuje registr tokenů, který API zatím nemá, takže bude odmítnuto.",Warning under the all-devices choice
schedule_sheet.delay,Delay,Zpoždění,Section heading in the schedule sheet
schedule_sheet.spacing,Spacing,Rozestup,Section heading in the schedule sheet
schedule_sheet.spacing_help,"Added again for each message after the first, so a batch arrives spread out rather than as one burst.","Přičte se za každou zprávu po první, takže dávka dorazí rozprostřená, ne jako jeden shluk.",Help text under Spacing
schedule_sheet.confirm,Schedule,Naplánovat,"Confirm button in the schedule sheet; no ellipsis because this one acts"
preset_chip.seconds,$value s,$value s,Delay preset chip
not_received.button,It never arrived,Nikdy nedorazilo,Button reporting a push that did not show up
not_received.reported,Reported as never arrived,Nahlášeno jako nedoručené,The same button once pressed
scenario_needs.banner,"Needs $needs. The push will still be sent, but this scenario cannot be observed yet.","Potřebuje $needs. Push se pošle, ale tento scénář se ještě nedá pozorovat.",Banner listing what a scenario is missing
send_result.validated,"✓ Validated · message $messageId · trace $traceId · the payload was validated, not sent","✓ Zvalidováno · zpráva $messageId · trace $traceId · payload byl zvalidován, ne odeslán",Result card after a validate-only send
send_result.sent,"✓ Sent · message $messageId · trace $traceId · it should appear in the Inbox shortly","✓ Odesláno · zpráva $messageId · trace $traceId · za chvíli by se mělo objevit v Doručených",Result card after a send
send_result.scheduled.one,"✓ Scheduled · run $runId · $n message · nothing has been sent yet","✓ Naplánováno · běh $runId · $n zpráva · zatím nic neodesláno",Result card after scheduling a run
send_result.scheduled.few,"✓ Scheduled · run $runId · $n messages · nothing has been sent yet","✓ Naplánováno · běh $runId · $n zprávy · zatím nic neodesláno",Result card after scheduling a run
send_result.scheduled.other,"✓ Scheduled · run $runId · $n messages · nothing has been sent yet","✓ Naplánováno · běh $runId · $n zpráv · zatím nic neodesláno",Result card after scheduling a run
countdown.seconds,seconds,sekund,Unit under the countdown's number
countdown.swipe_away,"Swipe the app away from recents now. The push is already scheduled on the server, so it will arrive whether this app is running or not.","Teď odsuň aplikaci z posledních. Push je už naplánovaný na serveru, takže dorazí, ať aplikace běží nebo ne.",Instruction on the countdown screen
countdown.dim_note,"An ordinary app cannot switch the display off — only dim it and let go of the wakelock, so the system times out on its own.","Obyčejná aplikace nemůže vypnout displej — jen ho ztmavit a pustit wakelock, takže systém zhasne sám.",Explains why the button dims rather than switches off
countdown.dim_screen,Dim the screen,Ztmavit displej,Button on the countdown screen
countdown.battery_settings,Battery settings,Nastavení baterie,Opens the OS battery settings
